
 {
        "menu": [
            {
                "name": "Player Control",
                "url": "#",
                "title": "Player Control",
                "expanded": false,
                "children": [
                    {
                        "name": "Players List",
                        "url": "/playerslist",
                        "parent": "Player Control"
                    },
                    {
                        "name": "Online Players",
                        "url": "/onlineplayers"
                    },
                    {
                        "name": "Locked Bonuses",
                        "url": "/lockedbonuses"
                    },
                    {
                        "name": "Visit Statistics",
                        "url": "/visitstatistics"
                    },
                    {
                        "name": "Suspicious Players",
                        "url": "/suspiciousplayers"
                    },
                    {
                        "name": "Black List",
                        "url": "/blacklist"
                    },
                    {
                        "name": "Fraud Players",
                        "url": "/fraudplayers"
                    },
                    {
                        "name": "Create New Players",
                        "url": "/CreateNewplayer"
                    }
                ]
            },
            {
                "name": "Remote System",
                "url": "#",
                "title": "remotesystem",
                "children": [
                    {
                        "name": "Remote Systems",
                        "url": "/remotesystems"
                    },
                    {
                        "name": "Remote games",
                        "url": "/remotesystemsgames"
                    },
                    {
                        "name": "Remote Games Session",
                        "url": "/remotegamesessions"
                    },
                    {
                        "name": "Transfer Activities & Summary",
                        "url": "/transfersummary"
                    },
                    {
                        "name": "Transfer Activities & History",
                        "url": "/transferhistory"
                    }
                ]
            },
            {
                "name": "Remote System",
                "url": " #",
                "title": "remotesystem",
                "expanded": false,
                "children": [
                    {
                        "name": "Promotional Codes",
                        "url": "/promotinalcodes"
                    },
                    {
                        "name": "Diposit Bonus Settings",
                        "url": "/depositbonussettings"
                    },
                    {
                        "name": "Bonus Abuse",
                        "url": "/bonusabuse"
                    }
                ]
            },
            {
                "name": "Comp points",
                "url": "#",
                "title": "Comp points",
                "children": [
                    {
                        "name": "Comp Point Settings",
                        "url": "/comppointssettings"
                    },
                    {
                        "name": "Earn Settings",
                        "url": "/earnsettings"
                    },
                    {
                        "name": "Exchange Rates",
                        "url": "/exchangerates"
                    },
                    {
                        "name": "Comp Points Levels",
                        "url": "/comppointslevels"
                    },
                    {
                        "name": "Levels Changes History",
                        "url": "/levelchangeshistory"
                    }
                ]
            },
            {
                "name": "Accounting",
                "url": " #",
                "title": "Accounting",
                "children": [
                    {
                        "name": "summary",
                        "url": "/accountingsummary"
                    },
                    {
                        "name": "House Balance",
                        "url": "/housebalance"
                    },
                    {
                        "name": "Players Balance",
                        "url": "/acplayerbalance"
                    },
                    {
                        "name": "Casino Games Balance",
                        "url": "/accasinogamesbalance"
                    },
                    {
                        "name": "Club Games Balance",
                        "url": "/acclubgamesbalance"
                    },
                    {
                        "name": "Affiliate Balance",
                        "url": "/acaffiliatebalance"
                    },
                    {
                        "name": "Affiliate Expenses",
                        "url": "/acaffiliateexpenses"
                    },
                    {
                        "name": "Agents Balance",
                        "url": "/acagentsbalance"
                    },
                    {
                        "name": "Agent's Nested Balance",
                        "url": "/acagentsnestedbalance"
                    },
                    {
                        "name": "Agents Expenses",
                        "url": "/acagentexpenses"
                    },
                    {
                        "name": "Simulator Strategies Expenses",
                        "url": "/simulatorstrategiesexpenses"
                    }
                ]
            },
            {
                "name": "Cashier",
                "url": " #",
                "title": "Cashier",
                "children": [
                    {
                        "name": "Fraud Control",
                        "url": "/fraudcontrol"
                    },
                    {
                        "name": "Merchant Settings",
                        "url": "/merchantsettings"
                    },
                    {
                        "name": "Currencies List",
                        "url": "/currencieslist"
                    },
                    {
                        "name": "Currency Exchange Rates",
                        "url": "/currencyexchangerates"
                    },
                    {
                        "name": "Wallet Exchanges Settings",
                        "url": "/walletexchangesettings"
                    },
                    {
                        "name": "Deposit Limits Settings",
                        "url": "/depositlimitssettings"
                    },
                    {
                        "name": "Cashouts",
                        "url": "/cashout"
                    },
                    {
                        "name": "Deposits",
                        "url": "/cashdeposits"
                    },
                    {
                        "name": "Withdrawals",
                        "url": "/withdrawals"
                    },
                    {
                        "name": "Charge Backs",
                        "url": "/chargebacks"
                    },
                    {
                        "name": "Player Cash Adjustments",
                        "url": "/playercashadjustments"
                    },
                    {
                        "name": "player Bonus Adjustments",
                        "url": "/playerbonusadjustments"
                    },
                    {
                        "name": "Transfers to Players",
                        "url": "/transfertoplayers"
                    },
                    {
                        "name": "Transfers to Agents",
                        "url": "/transfertoagents"
                    },
                    {
                        "name": "Agent Cash Adjustments",
                        "url": "/agentcashadjustments"
                    },
                    {
                        "name": "Agent Revenue Payments",
                        "url": "/agentrevenuepayments"
                    },
                    {
                        "name": "agentrevenueadjustments",
                        "url": "/agentrevenueadjustments"
                    },
                    {
                        "name": "Affiliate Payments",
                        "url": "/affiliatepayments"
                    },
                    {
                        "name": "Affiliate Revenue Adjustments",
                        "url": "/affiliaterevenueadjustments"
                    },
                    {
                        "name": "Promotional Codes Usages",
                        "url": "/promotinolcodeusages"
                    },
                    {
                        "name": "Transactions",
                        "url": "/transactions"
                    },
                    {
                        "name": "Fraud Transactions",
                        "url": "/fraudtransactions"
                    }
                ]
            },
            {
                "name": "Agent Control",
                "url": " #",
                "title": "Agent Control",
                "children": [
                    {
                        "name": "Agent List",
                        "url": "/agentlist"
                    },
                    {
                        "name": "Agents Statistics",
                        "url": "/agentstatistics"
                    },
                    {
                        "name": "Agent Permission Groups",
                        "url": "/agentpermissiongroups"
                    },
                    {
                        "name": "Create New Agent",
                        "url": "/CreateNewAgent"
                    },
                    {
                        "name": "Add Agent Permissions Group",
                        "url": "/addAgentPemissiongroup"
                    }
                ]
            },
            {
                "name": "Affiliate Control",
                "url": "affiliateControl",
                "title": "Affiliate Control",
                "children": [
                    {
                        "name": "Affiliates List",
                        "url": "/affiliateslist"
                    }
                ]
            },
            {
                "name": "Tools",
                "url": "#",
                "title": "Tools",
                "children": [
                    {
                        "name": "Emailing",
                        "url": "/Emailing",
                        "subchildren": [
                            {
                                "name": "Message Templates",
                                "url": "/messagetemplates"
                            },
                            {
                                "name": "Settings",
                                "url": "/toolsettings"
                            }
                        ]
                    }
                ]
            },
            {
                "name": "Reports",
                "url": " #",
                "title": "Reports",
                "children": [
                    {
                        "name": "Skin's Money Report",
                        "url": "/Skins"
                    },
                    {
                        "name": "Skin's Money Report By Sessions",
                        "url": "/SkinsReportBySessions"
                    },
                    {
                        "name": "Summary Report",
                        "url": "/Summary"
                    },
                    {
                        "name": "Rake Race Report",
                        "url": "/RakeRace"
                    },
                    {
                        "name": "Player's Activities",
                        "url": "/PlayerActivity"
                    },
                    {
                        "name": "LeaderBoard",
                        "url": "/Leaderboard"
                    }
                ]
            }
        ]
    }
